/*
 * This file is run automatically by spring-jdbc to insert data into the database.
 * See https://docs.spring.io/spring-boot/docs/current/reference/html/howto-database-initialization.html#howto-initialize-a-database-using-spring-jdbc
 */
SET DATABASE SQL SYNTAX PGS TRUE;

INSERT INTO ANZ.USER_DETAILS (USER_ID) VALUES (1);
INSERT INTO ANZ.USER_DETAILS (USER_ID) VALUES (2);
INSERT INTO ANZ.USER_DETAILS (USER_ID) VALUES (3);

INSERT INTO ANZ.ACCOUNT (ACCOUNT_NUMBER, ACCOUNT_NAME, ACCOUNT_TYPE, BALANCE_DATE, CURRENCY_CODE, OPENING_AVAILABLE_BALANCE, USER_ID)
VALUES (1000, 'SGSavings100', 'Savings', '2020-03-01', 'SGD', 12345.56, 1);
INSERT INTO ANZ.ACCOUNT (ACCOUNT_NUMBER, ACCOUNT_NAME, ACCOUNT_TYPE, BALANCE_DATE, CURRENCY_CODE, OPENING_AVAILABLE_BALANCE, USER_ID)
VALUES (2000, 'AUSavings200', 'Savings', '2020-03-02', 'AUD', 9999.25, 1);
INSERT INTO ANZ.ACCOUNT (ACCOUNT_NUMBER, ACCOUNT_NAME, ACCOUNT_TYPE, BALANCE_DATE, CURRENCY_CODE, OPENING_AVAILABLE_BALANCE, USER_ID)
VALUES (3000, 'AUSavings300', 'Current', '2020-03-02', 'AUD', 12365.25, 1);
INSERT INTO ANZ.ACCOUNT (ACCOUNT_NUMBER, ACCOUNT_NAME, ACCOUNT_TYPE, BALANCE_DATE, CURRENCY_CODE, OPENING_AVAILABLE_BALANCE, USER_ID)
VALUES (4000, 'SGSavings400', 'Current', '2020-03-02', 'SGD', 348523.98, 2);
INSERT INTO ANZ.ACCOUNT (ACCOUNT_NUMBER, ACCOUNT_NAME, ACCOUNT_TYPE, BALANCE_DATE, CURRENCY_CODE, OPENING_AVAILABLE_BALANCE, USER_ID)
VALUES (5000, 'AUSavings500', 'Savings', '2020-03-02', 'AUD', 50000.25, 2);
INSERT INTO ANZ.ACCOUNT (ACCOUNT_NUMBER, ACCOUNT_NAME, ACCOUNT_TYPE, BALANCE_DATE, CURRENCY_CODE, OPENING_AVAILABLE_BALANCE, USER_ID)
VALUES (6000, 'AUSavings600', 'Savings', '2020-03-02', 'AUD', 65578.54, 2);
INSERT INTO ANZ.ACCOUNT (ACCOUNT_NUMBER, ACCOUNT_NAME, ACCOUNT_TYPE, BALANCE_DATE, CURRENCY_CODE, OPENING_AVAILABLE_BALANCE, USER_ID)
VALUES (7000, 'AUSavings700', 'Current', '2020-03-02', 'AUD', 88265215.55, 2);

INSERT INTO ANZ.TRANSACTION (TRANSACTION_ID, VALUE_DATE, CURRENCY_CODE, DEBIT_AMOUNT, CREDIT_AMOUNT, TRANSACTION_TYPE, TRANSACTION_NARRATIVE)
VALUES (1, '2020-03-01', 'SGD', null, 200.00, 'Credit', '');
INSERT INTO ANZ.TRANSACTION (TRANSACTION_ID, VALUE_DATE, CURRENCY_CODE, DEBIT_AMOUNT, CREDIT_AMOUNT, TRANSACTION_TYPE, TRANSACTION_NARRATIVE)
VALUES (2, '2020-03-01', 'SGD', null, 500.00, 'Credit', '');
INSERT INTO ANZ.TRANSACTION (TRANSACTION_ID, VALUE_DATE, CURRENCY_CODE, DEBIT_AMOUNT, CREDIT_AMOUNT, TRANSACTION_TYPE, TRANSACTION_NARRATIVE)
VALUES (3, '2020-03-01', 'SGD', null, 12457.00, 'Credit', '');
INSERT INTO ANZ.TRANSACTION (TRANSACTION_ID, VALUE_DATE, CURRENCY_CODE, DEBIT_AMOUNT, CREDIT_AMOUNT, TRANSACTION_TYPE, TRANSACTION_NARRATIVE)
VALUES (4, '2020-03-02', 'SGD', null, 65478.00, 'Credit', '');
INSERT INTO ANZ.TRANSACTION (TRANSACTION_ID, VALUE_DATE, CURRENCY_CODE, DEBIT_AMOUNT, CREDIT_AMOUNT, TRANSACTION_TYPE, TRANSACTION_NARRATIVE)
VALUES (5, '2020-03-03', 'SGD', 32555.00, null, 'Debit', '');
INSERT INTO ANZ.TRANSACTION (TRANSACTION_ID, VALUE_DATE, CURRENCY_CODE, DEBIT_AMOUNT, CREDIT_AMOUNT, TRANSACTION_TYPE, TRANSACTION_NARRATIVE)
VALUES (6, '2020-03-04', 'SGD', 3254.50, null, 'Debit', '');

INSERT INTO ANZ.ACCOUNT_TRANSACTION (ACCOUNT_NUMBER, TRANSACTION_ID)
VALUES (1000,1);
INSERT INTO ANZ.ACCOUNT_TRANSACTION (ACCOUNT_NUMBER, TRANSACTION_ID)
VALUES (1000,2);
INSERT INTO ANZ.ACCOUNT_TRANSACTION (ACCOUNT_NUMBER, TRANSACTION_ID)
VALUES (4000,3);
INSERT INTO ANZ.ACCOUNT_TRANSACTION (ACCOUNT_NUMBER, TRANSACTION_ID)
VALUES (4000,4);
INSERT INTO ANZ.ACCOUNT_TRANSACTION (ACCOUNT_NUMBER, TRANSACTION_ID)
VALUES (4000,5);
INSERT INTO ANZ.ACCOUNT_TRANSACTION (ACCOUNT_NUMBER, TRANSACTION_ID)
VALUES (4000,6);